Date,Day,DayName,Month,MonthNo,Quarter,QuarterNo,Year,YearMonth
2023-01-01,1,Sunday,Jan,1,Q1,1,2023,2023-01
2023-01-02,2,Monday,Jan,1,Q1,1,2023,2023-01
2023-01-03,3,Tuesday,Jan,1,Q1,1,2023,2023-01
2023-01-04,4,Wednesday,Jan,1,Q1,1,2023,2023-01
2023-01-05,5,Thursday,Jan,1,Q1,1,2023,2023-01
2023-01-06,6,Friday,Jan,1,Q1,1,2023,2023-01
2023-01-07,7,Saturday,Jan,1,Q1,1,2023,2023-01
2023-01-08,8,Sunday,Jan,1,Q1,1,2023,2023-01
2023-01-09,9,Monday,Jan,1,Q1,1,2023,2023-01
2023-01-10,10,Tuesday,Jan,1,Q1,1,2023,2023-01
2023-01-11,11,Wednesday,Jan,1,Q1,1,2023,2023-01
2023-01-12,12,Thursday,Jan,1,Q1,1,2023,2023-01
2023-01-13,13,Friday,Jan,1,Q1,1,2023,2023-01
2023-01-14,14,Saturday,Jan,1,Q1,1,2023,2023-01
2023-01-15,15,Sunday,Jan,1,Q1,1,2023,2023-01
2023-01-16,16,Monday,Jan,1,Q1,1,2023,2023-01
2023-01-17,17,Tuesday,Jan,1,Q1,1,2023,2023-01
2023-01-18,18,Wednesday,Jan,1,Q1,1,2023,2023-01
2023-01-19,19,Thursday,Jan,1,Q1,1,2023,2023-01
2023-01-20,20,Friday,Jan,1,Q1,1,2023,2023-01
2023-01-21,21,Saturday,Jan,1,Q1,1,2023,2023-01
2023-01-22,22,Sunday,Jan,1,Q1,1,2023,2023-01
2023-01-23,23,Monday,Jan,1,Q1,1,2023,2023-01
2023-01-24,24,Tuesday,Jan,1,Q1,1,2023,2023-01
2023-01-25,25,Wednesday,Jan,1,Q1,1,2023,2023-01
2023-01-26,26,Thursday,Jan,1,Q1,1,2023,2023-01
2023-01-27,27,Friday,Jan,1,Q1,1,2023,2023-01
2023-01-28,28,Saturday,Jan,1,Q1,1,2023,2023-01
2023-01-29,29,Sunday,Jan,1,Q1,1,2023,2023-01
2023-01-30,30,Monday,Jan,1,Q1,1,2023,2023-01
2023-01-31,31,Tuesday,Jan,1,Q1,1,2023,2023-01
2023-02-01,1,Wednesday,Feb,2,Q1,1,2023,2023-02
2023-02-02,2,Thursday,Feb,2,Q1,1,2023,2023-02
2023-02-03,3,Friday,Feb,2,Q1,1,2023,2023-02
2023-02-04,4,Saturday,Feb,2,Q1,1,2023,2023-02
2023-02-05,5,Sunday,Feb,2,Q1,1,2023,2023-02
2023-02-06,6,Monday,Feb,2,Q1,1,2023,2023-02
2023-02-07,7,Tuesday,Feb,2,Q1,1,2023,2023-02
2023-02-08,8,Wednesday,Feb,2,Q1,1,2023,2023-02
2023-02-09,9,Thursday,Feb,2,Q1,1,2023,2023-02
2023-02-10,10,Friday,Feb,2,Q1,1,2023,2023-02
2023-02-11,11,Saturday,Feb,2,Q1,1,2023,2023-02
2023-02-12,12,Sunday,Feb,2,Q1,1,2023,2023-02
2023-02-13,13,Monday,Feb,2,Q1,1,2023,2023-02
2023-02-14,14,Tuesday,Feb,2,Q1,1,2023,2023-02
2023-02-15,15,Wednesday,Feb,2,Q1,1,2023,2023-02
2023-02-16,16,Thursday,Feb,2,Q1,1,2023,2023-02
2023-02-17,17,Friday,Feb,2,Q1,1,2023,2023-02
2023-02-18,18,Saturday,Feb,2,Q1,1,2023,2023-02
2023-02-19,19,Sunday,Feb,2,Q1,1,2023,2023-02
2023-02-20,20,Monday,Feb,2,Q1,1,2023,2023-02
2023-02-21,21,Tuesday,Feb,2,Q1,1,2023,2023-02
2023-02-22,22,Wednesday,Feb,2,Q1,1,2023,2023-02
2023-02-23,23,Thursday,Feb,2,Q1,1,2023,2023-02
2023-02-24,24,Friday,Feb,2,Q1,1,2023,2023-02
2023-02-25,25,Saturday,Feb,2,Q1,1,2023,2023-02
2023-02-26,26,Sunday,Feb,2,Q1,1,2023,2023-02
2023-02-27,27,Monday,Feb,2,Q1,1,2023,2023-02
2023-02-28,28,Tuesday,Feb,2,Q1,1,2023,2023-02
2023-03-01,1,Wednesday,Mar,3,Q1,1,2023,2023-03
2023-03-02,2,Thursday,Mar,3,Q1,1,2023,2023-03
2023-03-03,3,Friday,Mar,3,Q1,1,2023,2023-03
2023-03-04,4,Saturday,Mar,3,Q1,1,2023,2023-03
2023-03-05,5,Sunday,Mar,3,Q1,1,2023,2023-03
2023-03-06,6,Monday,Mar,3,Q1,1,2023,2023-03
2023-03-07,7,Tuesday,Mar,3,Q1,1,2023,2023-03
2023-03-08,8,Wednesday,Mar,3,Q1,1,2023,2023-03
2023-03-09,9,Thursday,Mar,3,Q1,1,2023,2023-03
2023-03-10,10,Friday,Mar,3,Q1,1,2023,2023-03
2023-03-11,11,Saturday,Mar,3,Q1,1,2023,2023-03
2023-03-12,12,Sunday,Mar,3,Q1,1,2023,2023-03
2023-03-13,13,Monday,Mar,3,Q1,1,2023,2023-03
2023-03-14,14,Tuesday,Mar,3,Q1,1,2023,2023-03
2023-03-15,15,Wednesday,Mar,3,Q1,1,2023,2023-03
2023-03-16,16,Thursday,Mar,3,Q1,1,2023,2023-03
2023-03-17,17,Friday,Mar,3,Q1,1,2023,2023-03
2023-03-18,18,Saturday,Mar,3,Q1,1,2023,2023-03
2023-03-19,19,Sunday,Mar,3,Q1,1,2023,2023-03
2023-03-20,20,Monday,Mar,3,Q1,1,2023,2023-03
2023-03-21,21,Tuesday,Mar,3,Q1,1,2023,2023-03
2023-03-22,22,Wednesday,Mar,3,Q1,1,2023,2023-03
2023-03-23,23,Thursday,Mar,3,Q1,1,2023,2023-03
2023-03-24,24,Friday,Mar,3,Q1,1,2023,2023-03
2023-03-25,25,Saturday,Mar,3,Q1,1,2023,2023-03
2023-03-26,26,Sunday,Mar,3,Q1,1,2023,2023-03
2023-03-27,27,Monday,Mar,3,Q1,1,2023,2023-03
2023-03-28,28,Tuesday,Mar,3,Q1,1,2023,2023-03
2023-03-29,29,Wednesday,Mar,3,Q1,1,2023,2023-03
2023-03-30,30,Thursday,Mar,3,Q1,1,2023,2023-03
2023-03-31,31,Friday,Mar,3,Q1,1,2023,2023-03
2023-04-01,1,Saturday,Apr,4,Q2,2,2023,2023-04
2023-04-02,2,Sunday,Apr,4,Q2,2,2023,2023-04
2023-04-03,3,Monday,Apr,4,Q2,2,2023,2023-04
2023-04-04,4,Tuesday,Apr,4,Q2,2,2023,2023-04
2023-04-05,5,Wednesday,Apr,4,Q2,2,2023,2023-04
2023-04-06,6,Thursday,Apr,4,Q2,2,2023,2023-04
2023-04-07,7,Friday,Apr,4,Q2,2,2023,2023-04
2023-04-08,8,Saturday,Apr,4,Q2,2,2023,2023-04
2023-04-09,9,Sunday,Apr,4,Q2,2,2023,2023-04
2023-04-10,10,Monday,Apr,4,Q2,2,2023,2023-04
2023-04-11,11,Tuesday,Apr,4,Q2,2,2023,2023-04
2023-04-12,12,Wednesday,Apr,4,Q2,2,2023,2023-04
2023-04-13,13,Thursday,Apr,4,Q2,2,2023,2023-04
2023-04-14,14,Friday,Apr,4,Q2,2,2023,2023-04
2023-04-15,15,Saturday,Apr,4,Q2,2,2023,2023-04
2023-04-16,16,Sunday,Apr,4,Q2,2,2023,2023-04
2023-04-17,17,Monday,Apr,4,Q2,2,2023,2023-04
2023-04-18,18,Tuesday,Apr,4,Q2,2,2023,2023-04
2023-04-19,19,Wednesday,Apr,4,Q2,2,2023,2023-04
2023-04-20,20,Thursday,Apr,4,Q2,2,2023,2023-04
2023-04-21,21,Friday,Apr,4,Q2,2,2023,2023-04
2023-04-22,22,Saturday,Apr,4,Q2,2,2023,2023-04
2023-04-23,23,Sunday,Apr,4,Q2,2,2023,2023-04
2023-04-24,24,Monday,Apr,4,Q2,2,2023,2023-04
2023-04-25,25,Tuesday,Apr,4,Q2,2,2023,2023-04
2023-04-26,26,Wednesday,Apr,4,Q2,2,2023,2023-04
2023-04-27,27,Thursday,Apr,4,Q2,2,2023,2023-04
2023-04-28,28,Friday,Apr,4,Q2,2,2023,2023-04
2023-04-29,29,Saturday,Apr,4,Q2,2,2023,2023-04
2023-04-30,30,Sunday,Apr,4,Q2,2,2023,2023-04
2023-05-01,1,Monday,May,5,Q2,2,2023,2023-05
2023-05-02,2,Tuesday,May,5,Q2,2,2023,2023-05
2023-05-03,3,Wednesday,May,5,Q2,2,2023,2023-05
2023-05-04,4,Thursday,May,5,Q2,2,2023,2023-05
2023-05-05,5,Friday,May,5,Q2,2,2023,2023-05
2023-05-06,6,Saturday,May,5,Q2,2,2023,2023-05
2023-05-07,7,Sunday,May,5,Q2,2,2023,2023-05
2023-05-08,8,Monday,May,5,Q2,2,2023,2023-05
2023-05-09,9,Tuesday,May,5,Q2,2,2023,2023-05
2023-05-10,10,Wednesday,May,5,Q2,2,2023,2023-05
2023-05-11,11,Thursday,May,5,Q2,2,2023,2023-05
2023-05-12,12,Friday,May,5,Q2,2,2023,2023-05
2023-05-13,13,Saturday,May,5,Q2,2,2023,2023-05
2023-05-14,14,Sunday,May,5,Q2,2,2023,2023-05
2023-05-15,15,Monday,May,5,Q2,2,2023,2023-05
2023-05-16,16,Tuesday,May,5,Q2,2,2023,2023-05
2023-05-17,17,Wednesday,May,5,Q2,2,2023,2023-05
2023-05-18,18,Thursday,May,5,Q2,2,2023,2023-05
2023-05-19,19,Friday,May,5,Q2,2,2023,2023-05
2023-05-20,20,Saturday,May,5,Q2,2,2023,2023-05
2023-05-21,21,Sunday,May,5,Q2,2,2023,2023-05
2023-05-22,22,Monday,May,5,Q2,2,2023,2023-05
2023-05-23,23,Tuesday,May,5,Q2,2,2023,2023-05
2023-05-24,24,Wednesday,May,5,Q2,2,2023,2023-05
2023-05-25,25,Thursday,May,5,Q2,2,2023,2023-05
2023-05-26,26,Friday,May,5,Q2,2,2023,2023-05
2023-05-27,27,Saturday,May,5,Q2,2,2023,2023-05
2023-05-28,28,Sunday,May,5,Q2,2,2023,2023-05
2023-05-29,29,Monday,May,5,Q2,2,2023,2023-05
2023-05-30,30,Tuesday,May,5,Q2,2,2023,2023-05
2023-05-31,31,Wednesday,May,5,Q2,2,2023,2023-05
2023-06-01,1,Thursday,Jun,6,Q2,2,2023,2023-06
2023-06-02,2,Friday,Jun,6,Q2,2,2023,2023-06
2023-06-03,3,Saturday,Jun,6,Q2,2,2023,2023-06
2023-06-04,4,Sunday,Jun,6,Q2,2,2023,2023-06
2023-06-05,5,Monday,Jun,6,Q2,2,2023,2023-06
2023-06-06,6,Tuesday,Jun,6,Q2,2,2023,2023-06
2023-06-07,7,Wednesday,Jun,6,Q2,2,2023,2023-06
2023-06-08,8,Thursday,Jun,6,Q2,2,2023,2023-06
2023-06-09,9,Friday,Jun,6,Q2,2,2023,2023-06
2023-06-10,10,Saturday,Jun,6,Q2,2,2023,2023-06
2023-06-11,11,Sunday,Jun,6,Q2,2,2023,2023-06
2023-06-12,12,Monday,Jun,6,Q2,2,2023,2023-06
2023-06-13,13,Tuesday,Jun,6,Q2,2,2023,2023-06
2023-06-14,14,Wednesday,Jun,6,Q2,2,2023,2023-06
2023-06-15,15,Thursday,Jun,6,Q2,2,2023,2023-06
2023-06-16,16,Friday,Jun,6,Q2,2,2023,2023-06
2023-06-17,17,Saturday,Jun,6,Q2,2,2023,2023-06
2023-06-18,18,Sunday,Jun,6,Q2,2,2023,2023-06
2023-06-19,19,Monday,Jun,6,Q2,2,2023,2023-06
2023-06-20,20,Tuesday,Jun,6,Q2,2,2023,2023-06
2023-06-21,21,Wednesday,Jun,6,Q2,2,2023,2023-06
2023-06-22,22,Thursday,Jun,6,Q2,2,2023,2023-06
2023-06-23,23,Friday,Jun,6,Q2,2,2023,2023-06
2023-06-24,24,Saturday,Jun,6,Q2,2,2023,2023-06
2023-06-25,25,Sunday,Jun,6,Q2,2,2023,2023-06
2023-06-26,26,Monday,Jun,6,Q2,2,2023,2023-06
2023-06-27,27,Tuesday,Jun,6,Q2,2,2023,2023-06
2023-06-28,28,Wednesday,Jun,6,Q2,2,2023,2023-06
2023-06-29,29,Thursday,Jun,6,Q2,2,2023,2023-06
2023-06-30,30,Friday,Jun,6,Q2,2,2023,2023-06
2023-07-01,1,Saturday,Jul,7,Q3,3,2023,2023-07
2023-07-02,2,Sunday,Jul,7,Q3,3,2023,2023-07
2023-07-03,3,Monday,Jul,7,Q3,3,2023,2023-07
2023-07-04,4,Tuesday,Jul,7,Q3,3,2023,2023-07
2023-07-05,5,Wednesday,Jul,7,Q3,3,2023,2023-07
2023-07-06,6,Thursday,Jul,7,Q3,3,2023,2023-07
2023-07-07,7,Friday,Jul,7,Q3,3,2023,2023-07
2023-07-08,8,Saturday,Jul,7,Q3,3,2023,2023-07
2023-07-09,9,Sunday,Jul,7,Q3,3,2023,2023-07
2023-07-10,10,Monday,Jul,7,Q3,3,2023,2023-07
2023-07-11,11,Tuesday,Jul,7,Q3,3,2023,2023-07
2023-07-12,12,Wednesday,Jul,7,Q3,3,2023,2023-07
2023-07-13,13,Thursday,Jul,7,Q3,3,2023,2023-07
2023-07-14,14,Friday,Jul,7,Q3,3,2023,2023-07
2023-07-15,15,Saturday,Jul,7,Q3,3,2023,2023-07
2023-07-16,16,Sunday,Jul,7,Q3,3,2023,2023-07
2023-07-17,17,Monday,Jul,7,Q3,3,2023,2023-07
2023-07-18,18,Tuesday,Jul,7,Q3,3,2023,2023-07
2023-07-19,19,Wednesday,Jul,7,Q3,3,2023,2023-07
2023-07-20,20,Thursday,Jul,7,Q3,3,2023,2023-07
2023-07-21,21,Friday,Jul,7,Q3,3,2023,2023-07
2023-07-22,22,Saturday,Jul,7,Q3,3,2023,2023-07
2023-07-23,23,Sunday,Jul,7,Q3,3,2023,2023-07
2023-07-24,24,Monday,Jul,7,Q3,3,2023,2023-07
2023-07-25,25,Tuesday,Jul,7,Q3,3,2023,2023-07
2023-07-26,26,Wednesday,Jul,7,Q3,3,2023,2023-07
2023-07-27,27,Thursday,Jul,7,Q3,3,2023,2023-07
2023-07-28,28,Friday,Jul,7,Q3,3,2023,2023-07
2023-07-29,29,Saturday,Jul,7,Q3,3,2023,2023-07
2023-07-30,30,Sunday,Jul,7,Q3,3,2023,2023-07
2023-07-31,31,Monday,Jul,7,Q3,3,2023,2023-07
2023-08-01,1,Tuesday,Aug,8,Q3,3,2023,2023-08
2023-08-02,2,Wednesday,Aug,8,Q3,3,2023,2023-08
2023-08-03,3,Thursday,Aug,8,Q3,3,2023,2023-08
2023-08-04,4,Friday,Aug,8,Q3,3,2023,2023-08
2023-08-05,5,Saturday,Aug,8,Q3,3,2023,2023-08
2023-08-06,6,Sunday,Aug,8,Q3,3,2023,2023-08
2023-08-07,7,Monday,Aug,8,Q3,3,2023,2023-08
2023-08-08,8,Tuesday,Aug,8,Q3,3,2023,2023-08
2023-08-09,9,Wednesday,Aug,8,Q3,3,2023,2023-08
2023-08-10,10,Thursday,Aug,8,Q3,3,2023,2023-08
2023-08-11,11,Friday,Aug,8,Q3,3,2023,2023-08
2023-08-12,12,Saturday,Aug,8,Q3,3,2023,2023-08
2023-08-13,13,Sunday,Aug,8,Q3,3,2023,2023-08
2023-08-14,14,Monday,Aug,8,Q3,3,2023,2023-08
2023-08-15,15,Tuesday,Aug,8,Q3,3,2023,2023-08
2023-08-16,16,Wednesday,Aug,8,Q3,3,2023,2023-08
2023-08-17,17,Thursday,Aug,8,Q3,3,2023,2023-08
2023-08-18,18,Friday,Aug,8,Q3,3,2023,2023-08
2023-08-19,19,Saturday,Aug,8,Q3,3,2023,2023-08
2023-08-20,20,Sunday,Aug,8,Q3,3,2023,2023-08
2023-08-21,21,Monday,Aug,8,Q3,3,2023,2023-08
2023-08-22,22,Tuesday,Aug,8,Q3,3,2023,2023-08
2023-08-23,23,Wednesday,Aug,8,Q3,3,2023,2023-08
2023-08-24,24,Thursday,Aug,8,Q3,3,2023,2023-08
2023-08-25,25,Friday,Aug,8,Q3,3,2023,2023-08
2023-08-26,26,Saturday,Aug,8,Q3,3,2023,2023-08
2023-08-27,27,Sunday,Aug,8,Q3,3,2023,2023-08
2023-08-28,28,Monday,Aug,8,Q3,3,2023,2023-08
2023-08-29,29,Tuesday,Aug,8,Q3,3,2023,2023-08
2023-08-30,30,Wednesday,Aug,8,Q3,3,2023,2023-08
2023-08-31,31,Thursday,Aug,8,Q3,3,2023,2023-08
2023-09-01,1,Friday,Sep,9,Q3,3,2023,2023-09
2023-09-02,2,Saturday,Sep,9,Q3,3,2023,2023-09
2023-09-03,3,Sunday,Sep,9,Q3,3,2023,2023-09
2023-09-04,4,Monday,Sep,9,Q3,3,2023,2023-09
2023-09-05,5,Tuesday,Sep,9,Q3,3,2023,2023-09
2023-09-06,6,Wednesday,Sep,9,Q3,3,2023,2023-09
2023-09-07,7,Thursday,Sep,9,Q3,3,2023,2023-09
2023-09-08,8,Friday,Sep,9,Q3,3,2023,2023-09
2023-09-09,9,Saturday,Sep,9,Q3,3,2023,2023-09
2023-09-10,10,Sunday,Sep,9,Q3,3,2023,2023-09
2023-09-11,11,Monday,Sep,9,Q3,3,2023,2023-09
2023-09-12,12,Tuesday,Sep,9,Q3,3,2023,2023-09
2023-09-13,13,Wednesday,Sep,9,Q3,3,2023,2023-09
2023-09-14,14,Thursday,Sep,9,Q3,3,2023,2023-09
2023-09-15,15,Friday,Sep,9,Q3,3,2023,2023-09
2023-09-16,16,Saturday,Sep,9,Q3,3,2023,2023-09
2023-09-17,17,Sunday,Sep,9,Q3,3,2023,2023-09
2023-09-18,18,Monday,Sep,9,Q3,3,2023,2023-09
2023-09-19,19,Tuesday,Sep,9,Q3,3,2023,2023-09
2023-09-20,20,Wednesday,Sep,9,Q3,3,2023,2023-09
2023-09-21,21,Thursday,Sep,9,Q3,3,2023,2023-09
2023-09-22,22,Friday,Sep,9,Q3,3,2023,2023-09
2023-09-23,23,Saturday,Sep,9,Q3,3,2023,2023-09
2023-09-24,24,Sunday,Sep,9,Q3,3,2023,2023-09
2023-09-25,25,Monday,Sep,9,Q3,3,2023,2023-09
2023-09-26,26,Tuesday,Sep,9,Q3,3,2023,2023-09
2023-09-27,27,Wednesday,Sep,9,Q3,3,2023,2023-09
2023-09-28,28,Thursday,Sep,9,Q3,3,2023,2023-09
2023-09-29,29,Friday,Sep,9,Q3,3,2023,2023-09
2023-09-30,30,Saturday,Sep,9,Q3,3,2023,2023-09
2023-10-01,1,Sunday,Oct,10,Q4,4,2023,2023-10
2023-10-02,2,Monday,Oct,10,Q4,4,2023,2023-10
2023-10-03,3,Tuesday,Oct,10,Q4,4,2023,2023-10
2023-10-04,4,Wednesday,Oct,10,Q4,4,2023,2023-10
2023-10-05,5,Thursday,Oct,10,Q4,4,2023,2023-10
2023-10-06,6,Friday,Oct,10,Q4,4,2023,2023-10
2023-10-07,7,Saturday,Oct,10,Q4,4,2023,2023-10
2023-10-08,8,Sunday,Oct,10,Q4,4,2023,2023-10
2023-10-09,9,Monday,Oct,10,Q4,4,2023,2023-10
2023-10-10,10,Tuesday,Oct,10,Q4,4,2023,2023-10
2023-10-11,11,Wednesday,Oct,10,Q4,4,2023,2023-10
2023-10-12,12,Thursday,Oct,10,Q4,4,2023,2023-10
2023-10-13,13,Friday,Oct,10,Q4,4,2023,2023-10
2023-10-14,14,Saturday,Oct,10,Q4,4,2023,2023-10
2023-10-15,15,Sunday,Oct,10,Q4,4,2023,2023-10
2023-10-16,16,Monday,Oct,10,Q4,4,2023,2023-10
2023-10-17,17,Tuesday,Oct,10,Q4,4,2023,2023-10
2023-10-18,18,Wednesday,Oct,10,Q4,4,2023,2023-10
2023-10-19,19,Thursday,Oct,10,Q4,4,2023,2023-10
2023-10-20,20,Friday,Oct,10,Q4,4,2023,2023-10
2023-10-21,21,Saturday,Oct,10,Q4,4,2023,2023-10
2023-10-22,22,Sunday,Oct,10,Q4,4,2023,2023-10
2023-10-23,23,Monday,Oct,10,Q4,4,2023,2023-10
2023-10-24,24,Tuesday,Oct,10,Q4,4,2023,2023-10
2023-10-25,25,Wednesday,Oct,10,Q4,4,2023,2023-10
2023-10-26,26,Thursday,Oct,10,Q4,4,2023,2023-10
2023-10-27,27,Friday,Oct,10,Q4,4,2023,2023-10
2023-10-28,28,Saturday,Oct,10,Q4,4,2023,2023-10
2023-10-29,29,Sunday,Oct,10,Q4,4,2023,2023-10
2023-10-30,30,Monday,Oct,10,Q4,4,2023,2023-10
2023-10-31,31,Tuesday,Oct,10,Q4,4,2023,2023-10
2023-11-01,1,Wednesday,Nov,11,Q4,4,2023,2023-11
2023-11-02,2,Thursday,Nov,11,Q4,4,2023,2023-11
2023-11-03,3,Friday,Nov,11,Q4,4,2023,2023-11
2023-11-04,4,Saturday,Nov,11,Q4,4,2023,2023-11
2023-11-05,5,Sunday,Nov,11,Q4,4,2023,2023-11
2023-11-06,6,Monday,Nov,11,Q4,4,2023,2023-11
2023-11-07,7,Tuesday,Nov,11,Q4,4,2023,2023-11
2023-11-08,8,Wednesday,Nov,11,Q4,4,2023,2023-11
2023-11-09,9,Thursday,Nov,11,Q4,4,2023,2023-11
2023-11-10,10,Friday,Nov,11,Q4,4,2023,2023-11
2023-11-11,11,Saturday,Nov,11,Q4,4,2023,2023-11
2023-11-12,12,Sunday,Nov,11,Q4,4,2023,2023-11
2023-11-13,13,Monday,Nov,11,Q4,4,2023,2023-11
2023-11-14,14,Tuesday,Nov,11,Q4,4,2023,2023-11
2023-11-15,15,Wednesday,Nov,11,Q4,4,2023,2023-11
2023-11-16,16,Thursday,Nov,11,Q4,4,2023,2023-11
2023-11-17,17,Friday,Nov,11,Q4,4,2023,2023-11
2023-11-18,18,Saturday,Nov,11,Q4,4,2023,2023-11
2023-11-19,19,Sunday,Nov,11,Q4,4,2023,2023-11
2023-11-20,20,Monday,Nov,11,Q4,4,2023,2023-11
2023-11-21,21,Tuesday,Nov,11,Q4,4,2023,2023-11
2023-11-22,22,Wednesday,Nov,11,Q4,4,2023,2023-11
2023-11-23,23,Thursday,Nov,11,Q4,4,2023,2023-11
2023-11-24,24,Friday,Nov,11,Q4,4,2023,2023-11
2023-11-25,25,Saturday,Nov,11,Q4,4,2023,2023-11
2023-11-26,26,Sunday,Nov,11,Q4,4,2023,2023-11
2023-11-27,27,Monday,Nov,11,Q4,4,2023,2023-11
2023-11-28,28,Tuesday,Nov,11,Q4,4,2023,2023-11
2023-11-29,29,Wednesday,Nov,11,Q4,4,2023,2023-11
2023-11-30,30,Thursday,Nov,11,Q4,4,2023,2023-11
2023-12-01,1,Friday,Dec,12,Q4,4,2023,2023-12
2023-12-02,2,Saturday,Dec,12,Q4,4,2023,2023-12
2023-12-03,3,Sunday,Dec,12,Q4,4,2023,2023-12
2023-12-04,4,Monday,Dec,12,Q4,4,2023,2023-12
2023-12-05,5,Tuesday,Dec,12,Q4,4,2023,2023-12
2023-12-06,6,Wednesday,Dec,12,Q4,4,2023,2023-12
2023-12-07,7,Thursday,Dec,12,Q4,4,2023,2023-12
2023-12-08,8,Friday,Dec,12,Q4,4,2023,2023-12
2023-12-09,9,Saturday,Dec,12,Q4,4,2023,2023-12
2023-12-10,10,Sunday,Dec,12,Q4,4,2023,2023-12
2023-12-11,11,Monday,Dec,12,Q4,4,2023,2023-12
2023-12-12,12,Tuesday,Dec,12,Q4,4,2023,2023-12
2023-12-13,13,Wednesday,Dec,12,Q4,4,2023,2023-12
2023-12-14,14,Thursday,Dec,12,Q4,4,2023,2023-12
2023-12-15,15,Friday,Dec,12,Q4,4,2023,2023-12
2023-12-16,16,Saturday,Dec,12,Q4,4,2023,2023-12
2023-12-17,17,Sunday,Dec,12,Q4,4,2023,2023-12
2023-12-18,18,Monday,Dec,12,Q4,4,2023,2023-12
2023-12-19,19,Tuesday,Dec,12,Q4,4,2023,2023-12
2023-12-20,20,Wednesday,Dec,12,Q4,4,2023,2023-12
2023-12-21,21,Thursday,Dec,12,Q4,4,2023,2023-12
2023-12-22,22,Friday,Dec,12,Q4,4,2023,2023-12
2023-12-23,23,Saturday,Dec,12,Q4,4,2023,2023-12
2023-12-24,24,Sunday,Dec,12,Q4,4,2023,2023-12
2023-12-25,25,Monday,Dec,12,Q4,4,2023,2023-12
2023-12-26,26,Tuesday,Dec,12,Q4,4,2023,2023-12
2023-12-27,27,Wednesday,Dec,12,Q4,4,2023,2023-12
2023-12-28,28,Thursday,Dec,12,Q4,4,2023,2023-12
2023-12-29,29,Friday,Dec,12,Q4,4,2023,2023-12
2023-12-30,30,Saturday,Dec,12,Q4,4,2023,2023-12
2023-12-31,31,Sunday,Dec,12,Q4,4,2023,2023-12
2024-01-01,1,Monday,Jan,1,Q1,1,2024,2024-01
2024-01-02,2,Tuesday,Jan,1,Q1,1,2024,2024-01
2024-01-03,3,Wednesday,Jan,1,Q1,1,2024,2024-01
2024-01-04,4,Thursday,Jan,1,Q1,1,2024,2024-01
2024-01-05,5,Friday,Jan,1,Q1,1,2024,2024-01
2024-01-06,6,Saturday,Jan,1,Q1,1,2024,2024-01
2024-01-07,7,Sunday,Jan,1,Q1,1,2024,2024-01
2024-01-08,8,Monday,Jan,1,Q1,1,2024,2024-01
2024-01-09,9,Tuesday,Jan,1,Q1,1,2024,2024-01
2024-01-10,10,Wednesday,Jan,1,Q1,1,2024,2024-01
2024-01-11,11,Thursday,Jan,1,Q1,1,2024,2024-01
2024-01-12,12,Friday,Jan,1,Q1,1,2024,2024-01
2024-01-13,13,Saturday,Jan,1,Q1,1,2024,2024-01
2024-01-14,14,Sunday,Jan,1,Q1,1,2024,2024-01
2024-01-15,15,Monday,Jan,1,Q1,1,2024,2024-01
2024-01-16,16,Tuesday,Jan,1,Q1,1,2024,2024-01
2024-01-17,17,Wednesday,Jan,1,Q1,1,2024,2024-01
2024-01-18,18,Thursday,Jan,1,Q1,1,2024,2024-01
2024-01-19,19,Friday,Jan,1,Q1,1,2024,2024-01
2024-01-20,20,Saturday,Jan,1,Q1,1,2024,2024-01
2024-01-21,21,Sunday,Jan,1,Q1,1,2024,2024-01
2024-01-22,22,Monday,Jan,1,Q1,1,2024,2024-01
2024-01-23,23,Tuesday,Jan,1,Q1,1,2024,2024-01
2024-01-24,24,Wednesday,Jan,1,Q1,1,2024,2024-01
2024-01-25,25,Thursday,Jan,1,Q1,1,2024,2024-01
2024-01-26,26,Friday,Jan,1,Q1,1,2024,2024-01
2024-01-27,27,Saturday,Jan,1,Q1,1,2024,2024-01
2024-01-28,28,Sunday,Jan,1,Q1,1,2024,2024-01
2024-01-29,29,Monday,Jan,1,Q1,1,2024,2024-01
2024-01-30,30,Tuesday,Jan,1,Q1,1,2024,2024-01
2024-01-31,31,Wednesday,Jan,1,Q1,1,2024,2024-01
2024-02-01,1,Thursday,Feb,2,Q1,1,2024,2024-02
2024-02-02,2,Friday,Feb,2,Q1,1,2024,2024-02
2024-02-03,3,Saturday,Feb,2,Q1,1,2024,2024-02
2024-02-04,4,Sunday,Feb,2,Q1,1,2024,2024-02
2024-02-05,5,Monday,Feb,2,Q1,1,2024,2024-02
2024-02-06,6,Tuesday,Feb,2,Q1,1,2024,2024-02
2024-02-07,7,Wednesday,Feb,2,Q1,1,2024,2024-02
2024-02-08,8,Thursday,Feb,2,Q1,1,2024,2024-02
2024-02-09,9,Friday,Feb,2,Q1,1,2024,2024-02
2024-02-10,10,Saturday,Feb,2,Q1,1,2024,2024-02
2024-02-11,11,Sunday,Feb,2,Q1,1,2024,2024-02
2024-02-12,12,Monday,Feb,2,Q1,1,2024,2024-02
2024-02-13,13,Tuesday,Feb,2,Q1,1,2024,2024-02
2024-02-14,14,Wednesday,Feb,2,Q1,1,2024,2024-02
2024-02-15,15,Thursday,Feb,2,Q1,1,2024,2024-02
2024-02-16,16,Friday,Feb,2,Q1,1,2024,2024-02
2024-02-17,17,Saturday,Feb,2,Q1,1,2024,2024-02
2024-02-18,18,Sunday,Feb,2,Q1,1,2024,2024-02
2024-02-19,19,Monday,Feb,2,Q1,1,2024,2024-02
2024-02-20,20,Tuesday,Feb,2,Q1,1,2024,2024-02
2024-02-21,21,Wednesday,Feb,2,Q1,1,2024,2024-02
2024-02-22,22,Thursday,Feb,2,Q1,1,2024,2024-02
2024-02-23,23,Friday,Feb,2,Q1,1,2024,2024-02
2024-02-24,24,Saturday,Feb,2,Q1,1,2024,2024-02
2024-02-25,25,Sunday,Feb,2,Q1,1,2024,2024-02
2024-02-26,26,Monday,Feb,2,Q1,1,2024,2024-02
2024-02-27,27,Tuesday,Feb,2,Q1,1,2024,2024-02
2024-02-28,28,Wednesday,Feb,2,Q1,1,2024,2024-02
2024-02-29,29,Thursday,Feb,2,Q1,1,2024,2024-02
2024-03-01,1,Friday,Mar,3,Q1,1,2024,2024-03
2024-03-02,2,Saturday,Mar,3,Q1,1,2024,2024-03
2024-03-03,3,Sunday,Mar,3,Q1,1,2024,2024-03
2024-03-04,4,Monday,Mar,3,Q1,1,2024,2024-03
2024-03-05,5,Tuesday,Mar,3,Q1,1,2024,2024-03
2024-03-06,6,Wednesday,Mar,3,Q1,1,2024,2024-03
2024-03-07,7,Thursday,Mar,3,Q1,1,2024,2024-03
2024-03-08,8,Friday,Mar,3,Q1,1,2024,2024-03
2024-03-09,9,Saturday,Mar,3,Q1,1,2024,2024-03
2024-03-10,10,Sunday,Mar,3,Q1,1,2024,2024-03
2024-03-11,11,Monday,Mar,3,Q1,1,2024,2024-03
2024-03-12,12,Tuesday,Mar,3,Q1,1,2024,2024-03
2024-03-13,13,Wednesday,Mar,3,Q1,1,2024,2024-03
2024-03-14,14,Thursday,Mar,3,Q1,1,2024,2024-03
2024-03-15,15,Friday,Mar,3,Q1,1,2024,2024-03
2024-03-16,16,Saturday,Mar,3,Q1,1,2024,2024-03
2024-03-17,17,Sunday,Mar,3,Q1,1,2024,2024-03
2024-03-18,18,Monday,Mar,3,Q1,1,2024,2024-03
2024-03-19,19,Tuesday,Mar,3,Q1,1,2024,2024-03
2024-03-20,20,Wednesday,Mar,3,Q1,1,2024,2024-03
2024-03-21,21,Thursday,Mar,3,Q1,1,2024,2024-03
2024-03-22,22,Friday,Mar,3,Q1,1,2024,2024-03
2024-03-23,23,Saturday,Mar,3,Q1,1,2024,2024-03
2024-03-24,24,Sunday,Mar,3,Q1,1,2024,2024-03
2024-03-25,25,Monday,Mar,3,Q1,1,2024,2024-03
2024-03-26,26,Tuesday,Mar,3,Q1,1,2024,2024-03
2024-03-27,27,Wednesday,Mar,3,Q1,1,2024,2024-03
2024-03-28,28,Thursday,Mar,3,Q1,1,2024,2024-03
2024-03-29,29,Friday,Mar,3,Q1,1,2024,2024-03
2024-03-30,30,Saturday,Mar,3,Q1,1,2024,2024-03
2024-03-31,31,Sunday,Mar,3,Q1,1,2024,2024-03
2024-04-01,1,Monday,Apr,4,Q2,2,2024,2024-04
2024-04-02,2,Tuesday,Apr,4,Q2,2,2024,2024-04
2024-04-03,3,Wednesday,Apr,4,Q2,2,2024,2024-04
2024-04-04,4,Thursday,Apr,4,Q2,2,2024,2024-04
2024-04-05,5,Friday,Apr,4,Q2,2,2024,2024-04
2024-04-06,6,Saturday,Apr,4,Q2,2,2024,2024-04
2024-04-07,7,Sunday,Apr,4,Q2,2,2024,2024-04
2024-04-08,8,Monday,Apr,4,Q2,2,2024,2024-04
2024-04-09,9,Tuesday,Apr,4,Q2,2,2024,2024-04
2024-04-10,10,Wednesday,Apr,4,Q2,2,2024,2024-04
2024-04-11,11,Thursday,Apr,4,Q2,2,2024,2024-04
2024-04-12,12,Friday,Apr,4,Q2,2,2024,2024-04
2024-04-13,13,Saturday,Apr,4,Q2,2,2024,2024-04
2024-04-14,14,Sunday,Apr,4,Q2,2,2024,2024-04
2024-04-15,15,Monday,Apr,4,Q2,2,2024,2024-04
2024-04-16,16,Tuesday,Apr,4,Q2,2,2024,2024-04
2024-04-17,17,Wednesday,Apr,4,Q2,2,2024,2024-04
2024-04-18,18,Thursday,Apr,4,Q2,2,2024,2024-04
2024-04-19,19,Friday,Apr,4,Q2,2,2024,2024-04
2024-04-20,20,Saturday,Apr,4,Q2,2,2024,2024-04
2024-04-21,21,Sunday,Apr,4,Q2,2,2024,2024-04
2024-04-22,22,Monday,Apr,4,Q2,2,2024,2024-04
2024-04-23,23,Tuesday,Apr,4,Q2,2,2024,2024-04
2024-04-24,24,Wednesday,Apr,4,Q2,2,2024,2024-04
2024-04-25,25,Thursday,Apr,4,Q2,2,2024,2024-04
2024-04-26,26,Friday,Apr,4,Q2,2,2024,2024-04
2024-04-27,27,Saturday,Apr,4,Q2,2,2024,2024-04
2024-04-28,28,Sunday,Apr,4,Q2,2,2024,2024-04
2024-04-29,29,Monday,Apr,4,Q2,2,2024,2024-04
2024-04-30,30,Tuesday,Apr,4,Q2,2,2024,2024-04
2024-05-01,1,Wednesday,May,5,Q2,2,2024,2024-05
2024-05-02,2,Thursday,May,5,Q2,2,2024,2024-05
2024-05-03,3,Friday,May,5,Q2,2,2024,2024-05
2024-05-04,4,Saturday,May,5,Q2,2,2024,2024-05
2024-05-05,5,Sunday,May,5,Q2,2,2024,2024-05
2024-05-06,6,Monday,May,5,Q2,2,2024,2024-05
2024-05-07,7,Tuesday,May,5,Q2,2,2024,2024-05
2024-05-08,8,Wednesday,May,5,Q2,2,2024,2024-05
2024-05-09,9,Thursday,May,5,Q2,2,2024,2024-05
2024-05-10,10,Friday,May,5,Q2,2,2024,2024-05
2024-05-11,11,Saturday,May,5,Q2,2,2024,2024-05
2024-05-12,12,Sunday,May,5,Q2,2,2024,2024-05
2024-05-13,13,Monday,May,5,Q2,2,2024,2024-05
2024-05-14,14,Tuesday,May,5,Q2,2,2024,2024-05
2024-05-15,15,Wednesday,May,5,Q2,2,2024,2024-05
2024-05-16,16,Thursday,May,5,Q2,2,2024,2024-05
2024-05-17,17,Friday,May,5,Q2,2,2024,2024-05
2024-05-18,18,Saturday,May,5,Q2,2,2024,2024-05
2024-05-19,19,Sunday,May,5,Q2,2,2024,2024-05
2024-05-20,20,Monday,May,5,Q2,2,2024,2024-05
2024-05-21,21,Tuesday,May,5,Q2,2,2024,2024-05
2024-05-22,22,Wednesday,May,5,Q2,2,2024,2024-05
2024-05-23,23,Thursday,May,5,Q2,2,2024,2024-05
2024-05-24,24,Friday,May,5,Q2,2,2024,2024-05
2024-05-25,25,Saturday,May,5,Q2,2,2024,2024-05
2024-05-26,26,Sunday,May,5,Q2,2,2024,2024-05
2024-05-27,27,Monday,May,5,Q2,2,2024,2024-05
2024-05-28,28,Tuesday,May,5,Q2,2,2024,2024-05
2024-05-29,29,Wednesday,May,5,Q2,2,2024,2024-05
2024-05-30,30,Thursday,May,5,Q2,2,2024,2024-05
2024-05-31,31,Friday,May,5,Q2,2,2024,2024-05
2024-06-01,1,Saturday,Jun,6,Q2,2,2024,2024-06
2024-06-02,2,Sunday,Jun,6,Q2,2,2024,2024-06
2024-06-03,3,Monday,Jun,6,Q2,2,2024,2024-06
2024-06-04,4,Tuesday,Jun,6,Q2,2,2024,2024-06
2024-06-05,5,Wednesday,Jun,6,Q2,2,2024,2024-06
2024-06-06,6,Thursday,Jun,6,Q2,2,2024,2024-06
2024-06-07,7,Friday,Jun,6,Q2,2,2024,2024-06
2024-06-08,8,Saturday,Jun,6,Q2,2,2024,2024-06
2024-06-09,9,Sunday,Jun,6,Q2,2,2024,2024-06
2024-06-10,10,Monday,Jun,6,Q2,2,2024,2024-06
2024-06-11,11,Tuesday,Jun,6,Q2,2,2024,2024-06
2024-06-12,12,Wednesday,Jun,6,Q2,2,2024,2024-06
2024-06-13,13,Thursday,Jun,6,Q2,2,2024,2024-06
2024-06-14,14,Friday,Jun,6,Q2,2,2024,2024-06
2024-06-15,15,Saturday,Jun,6,Q2,2,2024,2024-06
2024-06-16,16,Sunday,Jun,6,Q2,2,2024,2024-06
2024-06-17,17,Monday,Jun,6,Q2,2,2024,2024-06
2024-06-18,18,Tuesday,Jun,6,Q2,2,2024,2024-06
2024-06-19,19,Wednesday,Jun,6,Q2,2,2024,2024-06
2024-06-20,20,Thursday,Jun,6,Q2,2,2024,2024-06
2024-06-21,21,Friday,Jun,6,Q2,2,2024,2024-06
2024-06-22,22,Saturday,Jun,6,Q2,2,2024,2024-06
2024-06-23,23,Sunday,Jun,6,Q2,2,2024,2024-06
2024-06-24,24,Monday,Jun,6,Q2,2,2024,2024-06
2024-06-25,25,Tuesday,Jun,6,Q2,2,2024,2024-06
2024-06-26,26,Wednesday,Jun,6,Q2,2,2024,2024-06
2024-06-27,27,Thursday,Jun,6,Q2,2,2024,2024-06
2024-06-28,28,Friday,Jun,6,Q2,2,2024,2024-06
2024-06-29,29,Saturday,Jun,6,Q2,2,2024,2024-06
2024-06-30,30,Sunday,Jun,6,Q2,2,2024,2024-06
2024-07-01,1,Monday,Jul,7,Q3,3,2024,2024-07
2024-07-02,2,Tuesday,Jul,7,Q3,3,2024,2024-07
2024-07-03,3,Wednesday,Jul,7,Q3,3,2024,2024-07
2024-07-04,4,Thursday,Jul,7,Q3,3,2024,2024-07
2024-07-05,5,Friday,Jul,7,Q3,3,2024,2024-07
2024-07-06,6,Saturday,Jul,7,Q3,3,2024,2024-07
2024-07-07,7,Sunday,Jul,7,Q3,3,2024,2024-07
2024-07-08,8,Monday,Jul,7,Q3,3,2024,2024-07
2024-07-09,9,Tuesday,Jul,7,Q3,3,2024,2024-07
2024-07-10,10,Wednesday,Jul,7,Q3,3,2024,2024-07
2024-07-11,11,Thursday,Jul,7,Q3,3,2024,2024-07
2024-07-12,12,Friday,Jul,7,Q3,3,2024,2024-07
2024-07-13,13,Saturday,Jul,7,Q3,3,2024,2024-07
2024-07-14,14,Sunday,Jul,7,Q3,3,2024,2024-07
2024-07-15,15,Monday,Jul,7,Q3,3,2024,2024-07
2024-07-16,16,Tuesday,Jul,7,Q3,3,2024,2024-07
2024-07-17,17,Wednesday,Jul,7,Q3,3,2024,2024-07
2024-07-18,18,Thursday,Jul,7,Q3,3,2024,2024-07
2024-07-19,19,Friday,Jul,7,Q3,3,2024,2024-07
2024-07-20,20,Saturday,Jul,7,Q3,3,2024,2024-07
2024-07-21,21,Sunday,Jul,7,Q3,3,2024,2024-07
2024-07-22,22,Monday,Jul,7,Q3,3,2024,2024-07
2024-07-23,23,Tuesday,Jul,7,Q3,3,2024,2024-07
2024-07-24,24,Wednesday,Jul,7,Q3,3,2024,2024-07
2024-07-25,25,Thursday,Jul,7,Q3,3,2024,2024-07
2024-07-26,26,Friday,Jul,7,Q3,3,2024,2024-07
2024-07-27,27,Saturday,Jul,7,Q3,3,2024,2024-07
2024-07-28,28,Sunday,Jul,7,Q3,3,2024,2024-07
2024-07-29,29,Monday,Jul,7,Q3,3,2024,2024-07
2024-07-30,30,Tuesday,Jul,7,Q3,3,2024,2024-07
2024-07-31,31,Wednesday,Jul,7,Q3,3,2024,2024-07
2024-08-01,1,Thursday,Aug,8,Q3,3,2024,2024-08
2024-08-02,2,Friday,Aug,8,Q3,3,2024,2024-08
2024-08-03,3,Saturday,Aug,8,Q3,3,2024,2024-08
2024-08-04,4,Sunday,Aug,8,Q3,3,2024,2024-08
2024-08-05,5,Monday,Aug,8,Q3,3,2024,2024-08
2024-08-06,6,Tuesday,Aug,8,Q3,3,2024,2024-08
2024-08-07,7,Wednesday,Aug,8,Q3,3,2024,2024-08
2024-08-08,8,Thursday,Aug,8,Q3,3,2024,2024-08
2024-08-09,9,Friday,Aug,8,Q3,3,2024,2024-08
2024-08-10,10,Saturday,Aug,8,Q3,3,2024,2024-08
2024-08-11,11,Sunday,Aug,8,Q3,3,2024,2024-08
2024-08-12,12,Monday,Aug,8,Q3,3,2024,2024-08
2024-08-13,13,Tuesday,Aug,8,Q3,3,2024,2024-08
2024-08-14,14,Wednesday,Aug,8,Q3,3,2024,2024-08
2024-08-15,15,Thursday,Aug,8,Q3,3,2024,2024-08
2024-08-16,16,Friday,Aug,8,Q3,3,2024,2024-08
2024-08-17,17,Saturday,Aug,8,Q3,3,2024,2024-08
2024-08-18,18,Sunday,Aug,8,Q3,3,2024,2024-08
2024-08-19,19,Monday,Aug,8,Q3,3,2024,2024-08
2024-08-20,20,Tuesday,Aug,8,Q3,3,2024,2024-08
2024-08-21,21,Wednesday,Aug,8,Q3,3,2024,2024-08
2024-08-22,22,Thursday,Aug,8,Q3,3,2024,2024-08
2024-08-23,23,Friday,Aug,8,Q3,3,2024,2024-08
2024-08-24,24,Saturday,Aug,8,Q3,3,2024,2024-08
2024-08-25,25,Sunday,Aug,8,Q3,3,2024,2024-08
2024-08-26,26,Monday,Aug,8,Q3,3,2024,2024-08
2024-08-27,27,Tuesday,Aug,8,Q3,3,2024,2024-08
2024-08-28,28,Wednesday,Aug,8,Q3,3,2024,2024-08
2024-08-29,29,Thursday,Aug,8,Q3,3,2024,2024-08
2024-08-30,30,Friday,Aug,8,Q3,3,2024,2024-08
2024-08-31,31,Saturday,Aug,8,Q3,3,2024,2024-08
2024-09-01,1,Sunday,Sep,9,Q3,3,2024,2024-09
2024-09-02,2,Monday,Sep,9,Q3,3,2024,2024-09
2024-09-03,3,Tuesday,Sep,9,Q3,3,2024,2024-09
2024-09-04,4,Wednesday,Sep,9,Q3,3,2024,2024-09
2024-09-05,5,Thursday,Sep,9,Q3,3,2024,2024-09
2024-09-06,6,Friday,Sep,9,Q3,3,2024,2024-09
2024-09-07,7,Saturday,Sep,9,Q3,3,2024,2024-09
2024-09-08,8,Sunday,Sep,9,Q3,3,2024,2024-09
2024-09-09,9,Monday,Sep,9,Q3,3,2024,2024-09
2024-09-10,10,Tuesday,Sep,9,Q3,3,2024,2024-09
2024-09-11,11,Wednesday,Sep,9,Q3,3,2024,2024-09
2024-09-12,12,Thursday,Sep,9,Q3,3,2024,2024-09
2024-09-13,13,Friday,Sep,9,Q3,3,2024,2024-09
2024-09-14,14,Saturday,Sep,9,Q3,3,2024,2024-09
2024-09-15,15,Sunday,Sep,9,Q3,3,2024,2024-09
2024-09-16,16,Monday,Sep,9,Q3,3,2024,2024-09
2024-09-17,17,Tuesday,Sep,9,Q3,3,2024,2024-09
2024-09-18,18,Wednesday,Sep,9,Q3,3,2024,2024-09
2024-09-19,19,Thursday,Sep,9,Q3,3,2024,2024-09
2024-09-20,20,Friday,Sep,9,Q3,3,2024,2024-09
2024-09-21,21,Saturday,Sep,9,Q3,3,2024,2024-09
2024-09-22,22,Sunday,Sep,9,Q3,3,2024,2024-09
2024-09-23,23,Monday,Sep,9,Q3,3,2024,2024-09
2024-09-24,24,Tuesday,Sep,9,Q3,3,2024,2024-09
2024-09-25,25,Wednesday,Sep,9,Q3,3,2024,2024-09
2024-09-26,26,Thursday,Sep,9,Q3,3,2024,2024-09
2024-09-27,27,Friday,Sep,9,Q3,3,2024,2024-09
2024-09-28,28,Saturday,Sep,9,Q3,3,2024,2024-09
2024-09-29,29,Sunday,Sep,9,Q3,3,2024,2024-09
2024-09-30,30,Monday,Sep,9,Q3,3,2024,2024-09
2024-10-01,1,Tuesday,Oct,10,Q4,4,2024,2024-10
2024-10-02,2,Wednesday,Oct,10,Q4,4,2024,2024-10
2024-10-03,3,Thursday,Oct,10,Q4,4,2024,2024-10
2024-10-04,4,Friday,Oct,10,Q4,4,2024,2024-10
2024-10-05,5,Saturday,Oct,10,Q4,4,2024,2024-10
2024-10-06,6,Sunday,Oct,10,Q4,4,2024,2024-10
2024-10-07,7,Monday,Oct,10,Q4,4,2024,2024-10
2024-10-08,8,Tuesday,Oct,10,Q4,4,2024,2024-10
2024-10-09,9,Wednesday,Oct,10,Q4,4,2024,2024-10
2024-10-10,10,Thursday,Oct,10,Q4,4,2024,2024-10
2024-10-11,11,Friday,Oct,10,Q4,4,2024,2024-10
2024-10-12,12,Saturday,Oct,10,Q4,4,2024,2024-10
2024-10-13,13,Sunday,Oct,10,Q4,4,2024,2024-10
2024-10-14,14,Monday,Oct,10,Q4,4,2024,2024-10
2024-10-15,15,Tuesday,Oct,10,Q4,4,2024,2024-10
2024-10-16,16,Wednesday,Oct,10,Q4,4,2024,2024-10
2024-10-17,17,Thursday,Oct,10,Q4,4,2024,2024-10
2024-10-18,18,Friday,Oct,10,Q4,4,2024,2024-10
2024-10-19,19,Saturday,Oct,10,Q4,4,2024,2024-10
2024-10-20,20,Sunday,Oct,10,Q4,4,2024,2024-10
2024-10-21,21,Monday,Oct,10,Q4,4,2024,2024-10
2024-10-22,22,Tuesday,Oct,10,Q4,4,2024,2024-10
2024-10-23,23,Wednesday,Oct,10,Q4,4,2024,2024-10
2024-10-24,24,Thursday,Oct,10,Q4,4,2024,2024-10
2024-10-25,25,Friday,Oct,10,Q4,4,2024,2024-10
2024-10-26,26,Saturday,Oct,10,Q4,4,2024,2024-10
2024-10-27,27,Sunday,Oct,10,Q4,4,2024,2024-10
2024-10-28,28,Monday,Oct,10,Q4,4,2024,2024-10
2024-10-29,29,Tuesday,Oct,10,Q4,4,2024,2024-10
2024-10-30,30,Wednesday,Oct,10,Q4,4,2024,2024-10
2024-10-31,31,Thursday,Oct,10,Q4,4,2024,2024-10
2024-11-01,1,Friday,Nov,11,Q4,4,2024,2024-11
2024-11-02,2,Saturday,Nov,11,Q4,4,2024,2024-11
2024-11-03,3,Sunday,Nov,11,Q4,4,2024,2024-11
2024-11-04,4,Monday,Nov,11,Q4,4,2024,2024-11
2024-11-05,5,Tuesday,Nov,11,Q4,4,2024,2024-11
2024-11-06,6,Wednesday,Nov,11,Q4,4,2024,2024-11
2024-11-07,7,Thursday,Nov,11,Q4,4,2024,2024-11
2024-11-08,8,Friday,Nov,11,Q4,4,2024,2024-11
2024-11-09,9,Saturday,Nov,11,Q4,4,2024,2024-11
2024-11-10,10,Sunday,Nov,11,Q4,4,2024,2024-11
2024-11-11,11,Monday,Nov,11,Q4,4,2024,2024-11
2024-11-12,12,Tuesday,Nov,11,Q4,4,2024,2024-11
2024-11-13,13,Wednesday,Nov,11,Q4,4,2024,2024-11
2024-11-14,14,Thursday,Nov,11,Q4,4,2024,2024-11
2024-11-15,15,Friday,Nov,11,Q4,4,2024,2024-11
2024-11-16,16,Saturday,Nov,11,Q4,4,2024,2024-11
2024-11-17,17,Sunday,Nov,11,Q4,4,2024,2024-11
2024-11-18,18,Monday,Nov,11,Q4,4,2024,2024-11
2024-11-19,19,Tuesday,Nov,11,Q4,4,2024,2024-11
2024-11-20,20,Wednesday,Nov,11,Q4,4,2024,2024-11
2024-11-21,21,Thursday,Nov,11,Q4,4,2024,2024-11
2024-11-22,22,Friday,Nov,11,Q4,4,2024,2024-11
2024-11-23,23,Saturday,Nov,11,Q4,4,2024,2024-11
2024-11-24,24,Sunday,Nov,11,Q4,4,2024,2024-11
2024-11-25,25,Monday,Nov,11,Q4,4,2024,2024-11
2024-11-26,26,Tuesday,Nov,11,Q4,4,2024,2024-11
2024-11-27,27,Wednesday,Nov,11,Q4,4,2024,2024-11
2024-11-28,28,Thursday,Nov,11,Q4,4,2024,2024-11
2024-11-29,29,Friday,Nov,11,Q4,4,2024,2024-11
2024-11-30,30,Saturday,Nov,11,Q4,4,2024,2024-11
2024-12-01,1,Sunday,Dec,12,Q4,4,2024,2024-12
2024-12-02,2,Monday,Dec,12,Q4,4,2024,2024-12
2024-12-03,3,Tuesday,Dec,12,Q4,4,2024,2024-12
2024-12-04,4,Wednesday,Dec,12,Q4,4,2024,2024-12
2024-12-05,5,Thursday,Dec,12,Q4,4,2024,2024-12
2024-12-06,6,Friday,Dec,12,Q4,4,2024,2024-12
2024-12-07,7,Saturday,Dec,12,Q4,4,2024,2024-12
2024-12-08,8,Sunday,Dec,12,Q4,4,2024,2024-12
2024-12-09,9,Monday,Dec,12,Q4,4,2024,2024-12
2024-12-10,10,Tuesday,Dec,12,Q4,4,2024,2024-12
2024-12-11,11,Wednesday,Dec,12,Q4,4,2024,2024-12
2024-12-12,12,Thursday,Dec,12,Q4,4,2024,2024-12
2024-12-13,13,Friday,Dec,12,Q4,4,2024,2024-12
2024-12-14,14,Saturday,Dec,12,Q4,4,2024,2024-12
2024-12-15,15,Sunday,Dec,12,Q4,4,2024,2024-12
2024-12-16,16,Monday,Dec,12,Q4,4,2024,2024-12
2024-12-17,17,Tuesday,Dec,12,Q4,4,2024,2024-12
2024-12-18,18,Wednesday,Dec,12,Q4,4,2024,2024-12
2024-12-19,19,Thursday,Dec,12,Q4,4,2024,2024-12
2024-12-20,20,Friday,Dec,12,Q4,4,2024,2024-12
2024-12-21,21,Saturday,Dec,12,Q4,4,2024,2024-12
2024-12-22,22,Sunday,Dec,12,Q4,4,2024,2024-12
2024-12-23,23,Monday,Dec,12,Q4,4,2024,2024-12
2024-12-24,24,Tuesday,Dec,12,Q4,4,2024,2024-12
2024-12-25,25,Wednesday,Dec,12,Q4,4,2024,2024-12
2024-12-26,26,Thursday,Dec,12,Q4,4,2024,2024-12
2024-12-27,27,Friday,Dec,12,Q4,4,2024,2024-12
2024-12-28,28,Saturday,Dec,12,Q4,4,2024,2024-12
2024-12-29,29,Sunday,Dec,12,Q4,4,2024,2024-12
2024-12-30,30,Monday,Dec,12,Q4,4,2024,2024-12
2024-12-31,31,Tuesday,Dec,12,Q4,4,2024,2024-12
